{"scores": {"mean_squared_error": 0.835669052120808, "r2_score": 0.2192264067386882}}