{"scores": {"mean_squared_error": 0.8279986803657687, "r2_score": 0.22639290847957871}}