{"scores": {"mean_squared_error": 0.8285946817652796, "r2_score": 0.22583605866791712}}